"","Established","Kingdom","Phylum","Class","Order","Family","Genus"
"CACGGGGGGTGCAAGCGTTATTCGGAATTATTGGGCGTAAAGGGCGCGTAGGCGGTTTTGTCAGTCAGATGTGAAAGCCCGGGGCTCAACCCCGGAAGAGCATTTGAAACAGCAAGACTTGAGTACGGGAGAGGAAAGCGGAATTCCTGGTGTAGAGGTGAAATTCG","0.0512916407252427","Bacteria","Desulfobacterota","Desulfobacteria","Desulfobacterales","Desulfobacteraceae",NA
"CACGTAAGGGGCAAGCGTTGTTCGGAATTATTGGGCGTAAAGGGCGCGTAGGCGGTTTTACAAGTCTGGTGTGAAAGATCTCAGCTTAACTGAGGGACTGCGCTGGAAACTGTAAGACTAGAATCTAGGAGGGGAAGCTGGAATTCCTGGTGTAGGGGTGAAATCTG","0.0102769877237003","Bacteria","Spirochaetota","Spirochaetia","Spirochaetales","Spirochaetaceae","Sediminispirochaeta"
"GACAGAGGGTGCGAACGTTGTTCGGAATTACTGGGCGTAAAGCGCGTGTAGGCGGCACTGTAGGTCGGATGTGAAATCCCGCGGCTCAACCGTGGAAGTGCATTCGAAACCGCAGAGCTAGAGTATCGGAGAGGAAAGTGGAATGCTTGGTGTAGAGGTGAAATTCG","0.0426938451886487","Bacteria","Myxococcota","Polyangia","Polyangiales","BIrii41",NA
"TACAGAGGGTGCAAACGTTGCTCGGAATTACTGGGCGTAAAGCGCGTGTAGGCGGATTCGAAAGTCGGGTGTGAAATCCCTGGGCTCAACCCAGGAACTGCATCCGAAACTTCGTGTCTAGAGTGATGGAGAGGAAAGCGGAATTATTGGTGTAGAGGTGAAATTCG","0.011069199907408","Bacteria","Myxococcota","Polyangia","Polyangiales","Sandaracinaceae",NA
"TACAGAGGGTGCGAGCGTTAATCGGAATTACTGGGCGTAAAGCGCGCGTAGGCGGCTTATTAAGTCAGATGTGAAATCCCCGGGCTCAACCTGGGAACTGCATCTGATACTGGTAGCTAGAGTTTTGGAGAGGGAAGTAGAATTTCAGGTGTAGCGGTGAAATGCAT","0.0313851426011269","Bacteria","Proteobacteria","Gammaproteobacteria","Thiotrichales","Thiotrichaceae","Cocleimonas"
"TACAGAGGTGGCAAGCGTTGTCCGGATTTACTGGGCGTAAAGGGTGCGTAGGCGGTACGGTGTGTCGGATGTGAAATCTCACAGCTCAACTGTGAAACGTCATTCGAAACTGCCGAACTAGAGTACTGGAGAGGAGAGCGGAATTCTTGGAGTAGCGGTGAAATGCG","0.0137476247567695","Bacteria","Verrucomicrobiota","Kiritimatiellae","WCHB1-41",NA,NA
"TACGGAGGATCCAAGCGTTATCCGGAATCATTGGGTTTAAAGGGTCCGTAGGTGGATAATTAAGTCAGAGGTGAAATCCTGCAGCTCAACTGTAGAATTGCCTTTGATACTGGTTATCTTGAGTTATTATGAAGTAGTTAGAATATGTAGTGTAGCGGTGAAATGCA","0.0341959341487167","Bacteria","Bacteroidota","Bacteroidia","Flavobacteriales","Flavobacteriaceae",NA
"TACGGAGGATGCAACGTTGTTCGGAATTACTGGGCGTAAAGCGCGCGTAGGCGGCTTGTCAAGTCAGACGTGAAAGCCCACGGCTCAACCGTGGAAGTGCATTTGAAACTGACAGGATAGAATACGGGAGAGGGTTGTAGAATTCCTGGTGTAGAGGTGAAATTCGT","0.049206830923779","Bacteria",NA,NA,NA,NA,NA
"TACGGAGGATGCGAGCGTTATCCGGATTTATTAGGTTTAAAGGGTGCGTAGGCGGGACAATAAGTCAGTGGTGAAATCCTACAGCTTAACTGTAGAACTGCCATTGATACTGTAGTTCTTGAATTTAGTTGAAGTAGGCGGAATGTGTAGTGTAGCGGTGAAATGCT","0.0321995915726223","Bacteria","Bacteroidota","Bacteroidia","Bacteroidales","Bacteroidetes BD2-2",NA
"TACGGAGGGAGCAAGCGTTACTCGGAATCACTGGGCGTAAAGGGTGCGTAGGCGGTTTAGTAAGTCAGAAGTGAAATCCCATAGCTCAACTATGGAACTGCTTTTGAAACTACTAAACTAGAGTGAGGGAGAGGTAGATGGAATTAGTGGTGTAGGGGTAAAATCCG","0.0234217511852416","Bacteria","Campylobacterota","Campylobacteria","Campylobacterales",NA,NA
"TACGGAGGGCGCGAGCGTTGTTCGGATTTACTGGGCGTAAAGGGCGCGTAGGCGGCTTGGCAAGTTAAGGGTGAAATCCCGGGGCTCAACCCCGGAACCGCTCTTAAAACTGCCAGGCTAGAGATAGTCAGAGGCGGGTGGAATTCCTGGTGTAGAGGTGAAATTCG","0.0156340564321902","Bacteria","SAR324 clade(Marine group B)",NA,NA,NA,NA
"TACGGAGGGGGCTAGCGTTGTTCGGAATTACTGGGCGTAAAGCGCACGTAGGCGGATTAAAAAGTTAGAGGTGAAATCCCAGGGCTTAACCCTGGAACTGCCTTTAAAACTAGTAGTCTAGAGTTCGAGAGAGGTGAGTGGAATTCCAAGTGTAGAGGTGAAATTCG","0.0189338455575556","Bacteria","Proteobacteria","Alphaproteobacteria","Rhodobacterales","Rhodobacteraceae","Roseobacter clade NAC11-7 lineage"
"TACGGAGGGTGCAAACGTTGCTCGGAATCATTGGGCGTAAAGCGCGCGTAGGCGGTCCGATAAGTTGGATGTGAAAGCCCTGGGCTCAACCCAGGAAGTGCATCCAAAACTGGCGGACTTGAATCTCGGAGGGGGCCAGAGAATTCCCGGTGTAGAGGTGAAATTCG","0.0229212048735989","Bacteria","Myxococcota","Polyangia","Nannocystales","Nannocystaceae",NA
"TACGGAGGGTGCAAGCGTTAATCGGAATTACTGGGCGTAAAGCGTGCGTAGGCGGTTAAACAAGTTAGATGTGAAAGCCCAGGGCTTAACCTTGGAACTGCATTTAAAACTGTTTAACTAGAGTTTAAGAGAGGATAGTGGAATTCCGGGTGTAGCGGTGAAATGCG","0.0147418289770578","Bacteria","Proteobacteria","Gammaproteobacteria",NA,NA,NA
"TACGGAGGGTGCAAGCGTTACTCGGAATCACTGGGCGTAAAGCGCGCGCAGGCGGCCTTTTAAGTTGGATGTGAAATCCTATGGCTTAACCATAGAACTGCATCCAAAACTATTAGGCTAGAGTCTGGGAGGGGAAGATGGAATTAGTTGTGTAGGGGTAAAATCCG","0.0165622486162922","Bacteria","Campylobacterota","Campylobacteria","Campylobacterales","Sulfurovaceae","Sulfurovum"
"TACGGAGGGTGCAAGCGTTACTCGGAATCACTGGGCGTAAAGGACGCGTAGGCGGGATGCCAAGTCTGATGTGAAATCCTATGGCTTAACCATAGAACTGCATTGGAAACTGGTAACCTAGAGTATGGGAGGGGGAGATGGAATTAGTGGTGTAGGGGTAAAATCCG","0.018454812202177","Bacteria","Campylobacterota","Campylobacteria","Campylobacterales","Sulfurimonadaceae","Sulfurimonas"
"TACGGAGGGTGCAAGCGTTATCCGGAATCATTGGGTTTAAAGGGTCCGCAGGCGGATGTATCAGTCAGTGGTGAAATCCTACAGCTTAACTGTAGAACTGCCATTGATACTGTACATCTTGAATTCGGTCGAAGTGGGCGGAATGTGTCATGTAGCGGTGAAATGCA","0.0125124810193189","Bacteria","Bacteroidota","Bacteroidia","Flavobacteriales","Crocinitomicaceae","Fluviicola"
"TACGGAGGGTGCAAGCGTTATTCGGAATTATTGGGCGTAAAGGGCGCGTAGGCGGCCCTGTAAGTCAGATGTGAAATCCCGGGGCTTAACTTCGGAAGTGCATTTGATACTATATGGCTTGAGTATGGGAGAGGGAAGTGGAATTCCTGGTGTAGCGGTGAAATGCG","0.0127364509056349","Bacteria","Desulfobacterota","Desulfobacteria","Desulfobacterales","Desulfosarcinaceae",NA
"TACGGAGGGTGCGAACGTTGTTCGGAATTACTGGGCGTAAAGCGCGTGTAGGCGGCTTGGCAAGTCAGATGTGAAAGCCCTCGGCTCAACCGGGGAAGTGCATTTGAAACTGCCAGGATAGAATACGGGAGAGGGTTGTAGAATTCCTGGTGTAGAGGTGAAATTCG","0.0515201342619361","Bacteria","Myxococcota","Polyangia","MidBa8",NA,NA
"TACGGAGGGTGCGAGCGTTAATCGGAATTACTGGGCGTAAAGCGTGCGTAGGCGGTTATTTAAGTCAGATGTGAAAGCCCAGGGCTCAACCTTGGAACTGCATTTGAAACTGGATAACTAGAGTTTGGTAGAGGTGAGTAGAATTCCTAGTGTAGCGGTGAAATGCG","0.0129506641600344","Bacteria","Proteobacteria","Gammaproteobacteria","Thiotrichales","Thiotrichaceae",NA
"TACGGGGGACGCAAGCGTTATTCGGAATCATTGGGCGTAAAGGGCACGCAGGCGGTTCTGTCAGTCAGATGTGAAATCCCGGGGCTTAACCCCGGAAGAGCATTTGAAACAGCAGGACTTGAGTATGGTAGAGGAAAGCGGAATTCCTGGTGTAGAGGTGAAATTCG","0.0109657911591042","Bacteria","Desulfobacterota","Desulfobacteria","Desulfobacterales","Desulfobacteraceae","Desulfobacterium"
"TACGTAGGAGGCAAGCGTTATCCGGATTTACTGGGCGTAAAGCGCGTGCAGGTGGTTTAGTAAGTTGGATGTGAAATCTCTTGGCTCAACTGAGAGAGGTCGTTCAAAACTGCTAGACTAGAGGACGATAGAGGAAAGTGGAATTCCCGGTGTAGTGGTGAAATGCG","0.0300800738112886","Bacteria","Chloroflexi","Anaerolineae","Anaerolineales","Anaerolineaceae","Thermomarinilinea"
"TACGTAGGGTGCAAGCGTTGTTCGGATTTATTGGGCGTAAAGGGTCCGCAGGGGGCCTGCTAAGTCTGATGTGAAATCCCACGGCTCAACCGTGGAACTGCATTGGAAACTGGTGGGCTAGAGTATTGGAGAGGTAAGTGGAATTCCTGGTGGAGCGGTGGAATGCG","0.0212210957333179","Bacteria","Verrucomicrobiota","Lentisphaeria","Victivallales","BD2-3",NA
"Others","0.441276763557238",NA,NA,NA,NA,NA,NA
